"Reference","Qty","Value","DNP","Exclude from BOM","Exclude from Board","Footprint","Datasheet"
"BT1","1","Battery_Cell","","","","Battery:BatteryHolder_Keystone_3034_1x20mm",""
"C1","1","100 nF","","","","Capacitor_SMD:C_0603_1608Metric",""
"D1","1","LED","","","","LED_SMD:LED_0603_1608Metric",""
"R1","1","100 Ω","","","","Resistor_SMD:R_0603_1608Metric",""
"R2","1","R_Photo","","","","Resistor_SMD:R_0603_1608Metric",""
"R3","1","10 kΩ","","","","Resistor_SMD:R_0603_1608Metric",""
"SW1","1","SW_Push","","","","Button_Switch_SMD:SW_SPST_TL3342",""
"SW2","1","SW_SPST","","","","Button_Switch_SMD:SW_SPST_CK_RS282G05A3",""
"U1","1","ATtiny412-SS","","","","Package_SO:SOIC-8_3.9x4.9mm_P1.27mm","http://ww1.microchip.com/downloads/en/DeviceDoc/40001911A.pdf"
